{"nodes":{"node:1":{"location":{"x":22,"y":32}},"node:4":{"location":{"x":210,"y":60}}},"selection":null,"view":{"scroll":{"x":-6.12042617797851562,"y":-107.128097534179688},"visible_rect":{"max":{"x":333.399993896484375,"y":227.518203735351562},"min":{"x":-5.40000057220458984,"y":-94.518218994140625}},"zoom":1.13341212272644043}}